Fund Name,P1,P2,P3,P4,P5,Topsis Score,Rank
M1,0.78,0.61,6.3,37.2,11.22,0.5181785856708631,3.0
M2,0.83,0.69,6.5,39.4,11.86,0.43971616653821266,7.0
M3,0.72,0.52,3.3,55.4,14.99,0.5940854153958877,2.0
M4,0.77,0.59,3.1,65.7,17.54,0.46638314262971053,5.0
M5,0.9,0.81,6.6,66.1,18.6,0.022610914768763122,8.0
M6,0.69,0.48,3.2,67.5,17.97,0.5150935581755127,4.0
M7,0.6,0.36,6.7,32.9,10.14,0.6478837006005169,1.0
M8,0.67,0.45,6.1,59.9,16.78,0.45258552816625064,6.0
